time_s,temperature_C,pwm,heat_cool
0.20,37.680,0,1
0.40,37.660,0,1
0.60,37.630,0,1
0.80,37.630,0,1
1.00,36.970,0,1
1.20,36.960,0,1
1.40,36.960,0,1
1.60,36.960,0,1
1.80,36.910,0,1
2.00,36.900,0,1
2.20,36.890,0,1
2.40,36.910,0,1
2.60,36.890,0,1
2.80,36.900,0,1
3.00,36.890,0,1
3.20,36.880,0,1
3.40,36.890,0,1
3.60,36.890,0,1
3.80,36.880,0,1
4.00,36.890,0,1
4.20,36.900,0,1
4.40,36.890,0,1
4.60,36.880,0,1
4.80,36.880,0,1
5.00,36.850,0,1
5.20,36.860,0,1
5.40,36.830,0,1
5.60,36.830,0,1
5.80,36.820,0,1
6.00,36.820,0,1
6.20,36.800,0,1
6.40,36.810,0,1
6.60,36.800,0,1
6.80,36.790,0,1
7.00,36.800,0,1
7.20,36.780,0,1
7.40,36.780,0,1
7.60,36.770,0,1
7.80,36.780,0,1
8.00,36.780,0,1
8.20,36.770,0,1
8.40,36.780,0,1
8.60,36.760,60,1
8.80,36.770,60,1
9.00,36.770,60,1
9.20,36.760,60,1
9.40,36.760,60,1
9.60,36.750,60,1
9.80,36.730,60,1
10.00,36.730,60,1
10.20,36.710,60,1
10.40,36.720,60,1
10.60,36.720,60,1
10.80,36.710,60,1
11.00,36.700,60,1
11.20,36.700,60,1
11.40,36.690,60,1
11.60,36.680,60,1
11.80,36.680,60,1
12.00,36.680,60,1
12.20,36.670,60,1
12.40,36.670,60,1
12.60,36.660,60,1
12.80,36.660,60,1
13.00,36.660,60,1
13.20,36.640,60,1
13.40,36.640,60,1
13.60,36.640,60,1
13.80,36.630,60,1
14.00,36.630,60,1
14.20,36.620,60,1
14.40,36.620,60,1
14.60,36.620,60,1
14.80,36.610,60,1
15.00,36.610,60,1
15.20,36.600,60,1
15.40,36.590,60,1
15.60,36.600,60,1
15.80,36.580,60,1
16.00,36.580,60,1
16.20,36.590,60,1
16.40,36.580,60,1
16.60,36.570,60,1
16.80,36.570,60,1
17.00,36.560,60,1
17.20,36.550,60,1
17.40,36.550,60,1
17.60,36.550,60,1
17.80,36.540,60,1
18.00,36.540,60,1
18.20,36.540,60,1
18.40,36.530,60,1
18.60,36.530,60,1
18.80,36.520,60,1
19.00,36.520,60,1
19.20,36.530,60,1
19.40,36.520,60,1
19.60,36.520,60,1
19.80,36.510,60,1
20.00,36.500,60,1
20.20,36.510,60,1
20.40,36.500,60,1
20.60,36.490,60,1
20.80,36.490,60,1
21.00,36.480,60,1
21.20,36.460,60,1
21.40,36.460,60,1
21.60,36.450,60,1
21.80,36.450,60,1
22.00,36.450,60,1
22.20,36.440,60,1
22.40,36.450,60,1
22.60,36.440,60,1
22.80,36.440,60,1
23.00,36.440,60,1
23.20,36.430,60,1
23.40,36.410,60,1
23.60,36.410,60,1
23.80,36.420,60,1
24.00,36.410,60,1
24.20,36.400,60,1
24.40,36.400,60,1
24.60,36.390,60,1
24.80,36.370,60,1
25.00,36.370,60,1
25.20,36.370,60,1
25.40,36.360,60,1
25.60,36.370,60,1
25.80,36.360,60,1
26.00,36.360,60,1
26.20,36.350,60,1
26.40,36.350,60,1
26.60,36.340,60,1
26.80,36.340,60,1
27.00,36.330,60,1
27.20,36.330,60,1
27.40,36.320,60,1
27.60,36.310,60,1
27.80,36.310,60,1
28.00,36.300,60,1
28.20,36.310,60,0
28.40,36.290,60,0
28.60,36.300,60,0
28.80,36.290,60,0
29.00,36.290,60,0
29.20,36.290,60,0
29.40,36.280,60,0
29.60,36.270,60,0
29.80,36.270,60,0
30.00,36.260,60,0
30.20,36.270,60,0
30.40,36.260,60,0
30.60,36.260,60,0
30.80,36.250,60,0
31.00,36.240,60,0
31.20,36.240,60,0
31.40,36.240,60,0
31.60,36.220,60,0
31.80,36.200,60,0
32.00,36.220,60,0
32.20,36.200,60,0
32.40,36.210,60,0
32.60,36.200,60,0
32.80,36.180,60,0
33.00,36.190,60,0
33.20,36.190,60,0
33.40,36.190,60,0
33.60,36.180,60,0
33.80,36.180,60,0
34.00,36.180,60,0
34.20,36.170,60,0
34.40,36.170,60,0
34.60,36.170,60,0
34.80,36.170,60,0
35.00,36.170,60,0
35.20,36.170,60,0
35.40,36.160,60,0
35.60,36.170,60,0
35.80,36.170,60,0
36.00,36.160,60,0
36.20,36.140,60,0
36.40,36.140,60,0
36.60,36.130,60,0
36.80,36.130,60,0
37.00,36.130,60,0
37.20,36.120,60,0
37.40,36.130,60,0
37.60,36.130,60,0
37.80,36.120,60,0
38.00,36.110,60,0
38.20,36.110,60,0
38.40,36.110,60,0
38.60,36.100,60,0
38.80,36.090,60,0
39.00,36.100,60,0
39.20,36.100,60,0
39.40,36.100,60,0
39.60,36.090,60,0
39.80,36.100,60,0
40.00,36.090,60,0
40.20,36.090,60,0
40.40,36.090,60,0
40.60,36.090,60,0
40.80,36.090,60,0
41.00,36.080,60,0
41.20,36.090,60,0
41.40,36.080,60,0
41.60,36.090,60,0
41.80,36.070,60,0
42.00,36.070,60,0
42.20,36.070,60,0
42.40,36.070,60,0
42.60,36.070,60,0
42.80,36.070,60,0
43.00,36.070,60,0
43.20,36.050,60,0
43.40,36.040,60,0
43.60,36.050,60,0
43.80,36.050,60,0
44.00,36.040,60,0
44.20,36.040,60,0
44.40,36.020,60,0
44.60,36.020,60,0
44.80,36.020,60,0
45.00,36.020,60,0
45.20,36.010,60,0
45.40,36.010,60,0
45.60,36.020,60,0
45.80,36.010,60,0
46.00,36.010,60,0
46.20,36.000,60,0
46.40,36.000,60,1
46.60,36.000,60,1
46.80,35.990,60,1
47.00,35.990,60,1
47.20,35.990,60,1
47.40,35.980,60,1
47.60,35.980,60,1
47.80,35.970,60,1
48.00,35.970,60,1
48.20,35.970,60,1
48.40,35.960,60,1
48.60,35.960,60,1
48.80,35.950,60,1
49.00,35.960,60,1
49.20,35.940,60,1
49.40,35.940,60,1
49.60,35.940,60,1
49.80,35.940,60,1
50.00,35.930,60,1
50.20,35.930,60,1
50.40,35.930,60,1
50.60,35.920,60,1
50.80,35.930,60,1
51.00,35.920,60,1
51.20,35.910,60,1
51.40,35.910,60,1
51.60,35.910,60,1
51.80,35.910,60,1
52.00,35.900,60,1
52.20,35.900,60,1
52.40,35.900,60,1
52.60,35.890,60,1
52.80,35.890,60,1
53.00,35.880,60,1
53.20,35.880,60,1
53.40,35.890,60,1
53.60,35.880,60,1
53.80,35.870,60,1
54.00,35.870,60,1
54.20,35.870,60,1
54.40,35.860,60,1
54.60,35.860,60,1
54.80,35.850,60,1
55.00,35.850,60,1
55.20,35.840,60,1
55.40,35.860,60,1
55.60,35.850,60,1
55.80,35.850,60,1
56.00,35.840,60,1
56.20,35.830,60,1
56.40,35.840,60,1
56.60,35.830,60,1
56.80,35.820,60,1
57.00,35.820,60,1
57.20,35.820,60,1
57.40,35.820,60,1
57.60,35.820,60,1
57.80,35.820,60,1
58.00,35.810,60,1
58.20,35.800,60,1
58.40,35.800,60,1
58.60,35.810,60,1
58.80,35.790,60,1
59.00,35.800,60,1
59.20,35.790,60,1
59.40,35.790,60,1
59.60,35.790,60,1
59.80,35.790,60,1
60.00,35.790,60,1
60.20,35.780,60,1
60.40,35.770,60,1
60.60,35.780,60,1
60.80,35.770,60,1
61.00,35.770,60,1
61.20,35.760,60,1
61.40,35.760,60,1
61.60,35.760,60,1
61.80,35.750,60,1
62.00,35.750,60,1
62.20,35.750,60,1
62.40,35.740,60,1
62.60,35.740,60,1
62.80,35.740,60,1
63.00,35.730,60,1
63.20,35.720,60,1
63.40,35.720,60,1
63.60,35.720,60,1
63.80,35.720,60,1
64.00,35.710,60,1
64.20,35.720,60,1
64.40,35.710,60,1
64.60,35.720,60,1
64.80,35.720,60,1
65.00,35.710,60,1
65.20,35.710,60,0
65.40,35.690,60,0
65.60,35.690,60,0
65.80,35.690,60,0
66.00,35.670,60,0
66.20,35.680,60,0
66.40,35.670,60,0
66.60,35.660,60,0
66.80,35.660,60,0
67.00,35.660,60,0
67.20,35.660,60,0
67.40,35.650,60,0
67.60,35.650,60,0
67.80,35.650,60,0
68.00,35.660,60,0
68.20,35.650,60,0
68.40,35.640,60,0
68.60,35.640,60,0
68.80,35.630,60,0
69.00,35.630,60,0
69.20,35.630,60,0
69.40,35.630,60,0
69.60,35.630,60,0
69.80,35.630,60,0
70.00,35.630,60,0
70.20,35.620,60,0
70.40,35.610,60,0
70.60,35.610,60,0
70.80,35.610,60,0
71.00,35.620,60,0
71.20,35.610,60,0
71.40,35.610,60,0
71.60,35.610,60,0
71.80,35.600,205,0
72.00,35.590,205,0
72.20,35.590,205,0
72.40,35.590,205,0
72.60,35.570,205,0
72.80,35.590,0,0
73.00,35.590,0,0
73.20,35.580,0,0
73.40,35.580,0,0
73.60,35.580,0,0
73.80,35.580,0,0
74.00,35.590,0,0
74.20,35.580,0,0
74.40,35.570,0,0
74.60,35.570,0,0
74.80,35.570,0,0
75.00,35.570,0,0
75.20,35.560,0,0
75.40,35.560,0,0
75.60,35.560,0,0
75.80,35.560,0,0
76.00,35.560,0,0
76.20,35.560,0,0
76.40,35.560,0,0
76.60,35.550,0,0
76.80,35.550,0,0
77.00,35.550,0,0
77.20,35.540,0,0
77.40,35.550,0,0
77.60,35.540,0,0
77.80,35.550,0,0
78.00,35.540,0,0
78.20,35.540,0,0
78.40,35.530,0,0
78.60,35.510,0,0
78.80,35.520,0,0
79.00,35.520,0,0
79.20,35.510,0,0
79.40,35.490,0,0
79.60,35.440,0,0
79.80,35.430,0,0
80.00,35.430,0,0
80.20,35.420,0,0
80.40,35.250,0,0
80.60,35.250,0,0
80.80,35.260,0,0
81.00,35.250,0,0
81.20,35.250,0,0
81.40,35.240,0,0
81.60,35.210,0,0
81.80,35.210,0,0
82.00,35.190,0,0
82.20,35.170,0,0
82.40,35.160,0,0
82.60,35.140,0,0
82.80,35.130,0,0
83.00,35.120,0,0
83.20,35.100,0,0
83.40,35.070,0,0
83.60,35.050,0,0
83.80,35.030,0,0
84.00,35.010,0,0
84.20,34.990,0,0
84.40,34.970,0,0
84.60,34.960,0,0
84.80,34.940,0,0
85.00,34.920,0,0
85.20,34.890,0,0
85.40,34.880,0,0
85.60,34.840,0,0
85.80,34.850,0,0
86.00,34.800,0,0
86.20,34.790,0,0
86.40,34.770,0,0
86.60,34.740,0,0
86.80,34.730,0,0
87.00,34.700,0,0
87.20,34.720,0,0
87.40,34.680,0,0
87.60,34.650,0,0
87.80,34.640,0,0
88.00,34.630,0,0
88.20,34.590,0,0
88.40,34.590,0,0
88.60,34.570,0,0
88.80,34.530,0,0
89.00,34.530,0,0
89.20,34.510,0,0
89.40,34.510,0,0
89.60,34.480,0,0
89.80,34.480,0,0
90.00,34.470,0,0
90.20,34.460,0,0
90.40,34.440,0,0
90.60,34.410,0,0
90.80,34.390,0,0
91.00,34.380,0,0
91.20,34.350,0,0
91.40,34.340,0,0
91.60,34.330,0,0
91.80,34.300,0,0
92.00,34.290,0,0
92.20,34.270,0,0
92.40,34.250,0,0
92.60,34.230,0,0
92.80,34.220,0,0
93.00,34.210,0,0
93.20,34.190,0,0
93.40,34.180,0,0
93.60,34.150,0,0
93.80,34.150,0,0
94.00,34.130,0,0
94.20,34.120,0,0
94.40,34.100,0,0
94.60,34.070,0,0
94.80,34.060,0,0
95.00,34.040,0,0
95.20,34.030,0,0
95.40,34.010,0,0
95.60,34.000,0,0
95.80,34.010,0,0
96.00,33.970,0,0
96.20,33.960,0,0
96.40,33.970,0,0
96.60,33.940,0,0
96.80,33.940,0,0
97.00,33.910,0,0
97.20,33.900,0,0
97.40,33.900,0,0
97.60,33.880,0,0
97.80,33.850,0,0
98.00,33.840,0,0
98.20,33.840,0,0
98.40,33.800,0,0
98.60,33.800,0,0
98.80,33.800,0,0
99.00,33.780,0,0
99.20,33.780,0,0
99.40,33.750,0,0
99.60,33.740,0,0
99.80,33.720,0,0
100.00,33.700,0,0
100.20,33.700,0,0
100.40,33.680,0,0
100.60,33.670,0,0
100.80,33.650,0,0
101.00,33.630,0,0
101.20,33.620,0,0
101.40,33.620,0,0
101.60,33.620,0,0
101.80,33.610,0,0
102.00,33.590,0,0
102.20,33.570,0,0
102.40,33.560,0,0
102.60,33.550,0,0
102.80,33.540,0,0
103.00,33.520,0,0
103.20,33.520,0,0
103.40,33.530,0,0
103.60,33.520,0,0
103.80,33.470,0,0
104.00,33.420,0,0
104.20,33.480,0,0
104.40,33.430,0,0
104.60,33.440,0,0
104.80,33.400,0,0
105.00,33.380,0,0
105.20,33.390,0,0
105.40,33.360,0,0
105.60,33.370,0,0
105.80,33.350,0,0
106.00,33.330,0,0
106.20,33.320,0,0
106.40,33.320,0,0
106.60,33.310,0,0
106.80,33.300,0,0
107.00,33.290,0,0
107.20,33.290,0,0
107.40,33.270,60,0
107.60,33.250,60,0
107.80,33.240,60,0
108.00,33.190,60,0
108.20,33.140,60,0
108.40,33.120,60,0
108.60,33.070,60,0
108.80,33.030,60,0
109.00,32.970,60,0
109.20,32.940,60,0
109.40,32.880,60,0
109.60,32.850,60,0
109.80,32.790,60,0
110.00,32.760,60,0
110.20,32.720,60,0
110.40,32.660,60,0
110.60,32.630,60,0
110.80,32.580,60,0
111.00,32.530,60,0
111.20,32.500,60,0
111.40,32.450,60,0
111.60,32.430,60,0
111.80,32.380,60,0
112.00,32.340,60,0
112.20,32.300,60,0
112.40,32.250,60,0
112.60,32.230,60,0
112.80,32.170,60,0
113.00,32.150,60,0
113.20,32.110,60,0
113.40,32.050,60,0
113.60,32.030,60,0
113.80,31.990,60,0
114.00,31.970,60,0
114.20,31.920,60,0
114.40,31.890,60,0
114.60,31.860,60,0
114.80,31.810,60,0
115.00,31.770,60,0
115.20,31.730,60,0
115.40,31.720,60,0
115.60,31.700,60,0
115.80,31.640,60,0
116.00,31.610,60,0
116.20,31.580,60,0
116.40,31.550,60,0
116.60,31.500,60,0
116.80,31.470,60,0
117.00,31.430,60,0
117.20,31.410,60,0
117.40,31.400,60,0
117.60,31.360,60,0
117.80,31.330,60,0
118.00,31.300,60,0
118.20,31.270,60,0
118.40,31.250,60,0
118.60,31.200,60,0
118.80,31.170,60,0
119.00,31.150,60,0
119.20,31.130,60,0
119.40,31.100,60,0
119.60,31.040,60,0
119.80,31.030,60,0
120.00,31.010,60,0
120.20,30.980,60,0
120.40,30.950,60,0
120.60,30.910,60,0
120.80,30.870,60,0
121.00,30.860,60,0
121.20,30.840,60,0
121.40,30.810,60,0
121.60,30.770,60,0
121.80,30.750,60,0
122.00,30.720,120,0
122.20,30.680,120,0
122.40,30.620,120,0
122.60,30.600,120,0
122.80,30.530,120,0
123.00,30.510,120,0
123.20,30.440,120,0
123.40,30.380,120,0
123.60,30.340,120,0
123.80,30.250,120,0
124.00,30.200,120,0
124.20,30.120,120,0
124.40,30.080,120,0
124.60,30.000,120,0
124.80,29.930,120,0
125.00,29.890,120,0
125.20,29.840,120,0
125.40,29.780,120,0
125.60,29.720,120,0
125.80,29.660,120,0
126.00,29.620,120,0
126.20,29.530,120,0
126.40,29.470,120,0
126.60,29.420,120,0
126.80,29.390,120,0
127.00,29.340,120,0
127.20,29.280,120,0
127.40,29.210,120,0
127.60,29.170,120,0
127.80,29.120,120,0
128.00,29.070,120,0
128.20,29.010,120,0
128.40,28.950,120,0
128.60,28.910,120,0
128.80,28.850,120,0
129.00,28.810,120,0
129.20,28.760,120,0
129.40,28.700,120,0
129.60,28.660,120,0
129.80,28.620,120,0
130.00,28.550,120,0
130.20,28.510,120,0
130.40,28.450,120,0
130.60,28.440,120,0
130.80,28.380,120,0
131.00,28.340,120,0
131.20,28.310,120,0
131.40,28.250,120,0
131.60,28.200,120,0
131.80,28.160,120,0
132.00,28.110,120,0
132.20,28.030,120,0
132.40,28.030,120,0
132.60,27.980,120,0
132.80,27.930,120,0
133.00,27.920,120,0
133.20,27.870,120,0
133.40,27.810,120,0
133.60,27.750,120,0
133.80,27.720,120,0
134.00,27.660,120,0
134.20,27.600,120,0
134.40,27.610,120,0
134.60,27.580,120,0
134.80,27.520,120,0
135.00,27.490,120,0
135.20,27.450,120,0
135.40,27.340,220,0
135.60,27.300,220,0
135.80,27.300,220,0
136.00,27.220,220,0
136.20,27.150,220,0
136.40,27.060,220,0
136.60,26.970,220,0
136.80,26.870,220,0
137.00,26.720,220,0
137.20,26.630,220,0
137.40,26.520,220,0
137.60,26.420,220,0
137.80,26.360,220,0
138.00,26.260,220,0
138.20,26.150,220,0
138.40,26.060,220,0
138.60,25.970,220,0
138.80,25.880,220,0
139.00,25.720,220,0
139.20,25.640,220,0
139.40,25.520,220,0
139.60,25.470,220,0
139.80,25.350,220,0
140.00,25.270,220,0
140.20,25.190,220,0
140.40,25.090,220,0
140.60,25.000,220,0
140.80,24.890,220,0
141.00,24.770,220,0
141.20,24.670,220,0
141.40,24.600,220,0
141.60,24.550,220,0
141.80,24.460,220,0
142.00,24.370,220,0
142.20,24.300,220,0
142.40,24.190,220,0
142.60,24.150,220,0
142.80,24.030,220,0
143.00,23.920,220,0
143.20,23.840,220,0
143.40,23.800,220,0
143.60,23.710,220,0
143.80,23.640,220,0
144.00,23.560,220,0
144.20,23.490,220,0
144.40,23.420,220,0
144.60,23.330,220,0
144.80,23.210,220,0
145.00,23.120,220,0
145.20,23.060,220,0
145.40,23.020,220,0
145.60,22.950,220,0
145.80,22.860,220,0
146.00,22.800,220,0
146.20,22.690,20,0
146.40,22.630,20,0
146.60,22.640,20,0
146.80,22.630,20,0
147.00,22.640,20,0
147.20,22.660,20,0
147.40,22.690,20,0
147.60,22.720,20,0
147.80,22.790,20,0
148.00,22.820,20,0
148.20,22.870,20,0
148.40,22.930,20,0
148.60,23.050,20,0
148.80,23.110,20,0
149.00,23.150,20,0
149.20,23.180,20,0
149.40,23.250,20,0
149.60,23.300,20,0
149.80,23.320,20,0
150.00,23.370,20,0
150.20,23.430,20,0
150.40,23.460,20,0
150.60,23.580,20,0
150.80,23.600,20,0
151.00,23.650,20,0
151.20,23.660,20,0
151.40,23.710,20,0
151.60,23.750,20,0
151.80,23.750,20,0
152.00,23.800,20,0
152.20,23.830,20,0
152.40,23.920,20,0
152.60,23.950,20,0
152.80,23.950,20,0
153.00,23.970,20,0
153.20,23.990,20,0
153.40,24.010,20,0
153.60,24.040,20,0
153.80,24.030,20,0
154.00,24.050,20,0
154.20,24.060,20,0
154.40,24.150,20,0
154.60,24.180,20,0
154.80,24.210,20,0
155.00,24.190,20,0
155.20,24.210,20,0
155.40,24.240,20,0
155.60,24.220,20,0
155.80,24.250,20,0
156.00,24.260,20,0
156.20,24.320,20,0
156.40,24.340,20,0
156.60,24.370,20,0
156.80,24.380,20,0
157.00,24.370,20,0
157.20,24.390,20,0
157.40,24.400,20,0
157.60,24.380,20,0
157.80,24.410,20,0
158.00,24.410,20,0
158.20,24.500,20,0
158.40,24.500,20,0
158.60,24.520,20,0
158.80,24.500,20,0
159.00,24.510,20,0
159.20,24.530,20,0
159.40,24.500,20,0
159.60,24.520,20,0
159.80,24.530,20,0
160.00,24.560,20,0
160.20,24.620,20,0
160.40,24.620,20,0
160.60,24.630,20,0
160.80,24.610,20,0
161.00,24.630,20,0
161.20,24.640,20,0
161.40,24.630,20,0
161.60,24.630,20,0
161.80,24.630,20,0
162.00,24.710,20,0
162.20,24.720,20,0
162.40,24.740,20,0
162.60,24.720,20,0
162.80,24.730,20,0
163.00,24.740,20,0
163.20,24.750,20,0
163.40,24.730,20,0
163.60,24.730,20,0
163.80,24.760,20,0
164.00,24.800,20,0
164.20,24.810,20,0
164.40,24.800,20,0
164.60,24.800,20,0
164.80,24.810,20,0
165.00,24.820,20,0
165.20,24.800,20,0
165.40,24.810,20,0
165.60,24.820,20,0
165.80,24.870,20,0
166.00,24.880,20,0
166.20,24.890,20,0
166.40,24.900,20,0
166.60,24.880,20,0
166.80,24.880,20,0
167.00,24.890,20,0
167.20,24.880,20,0
167.40,24.890,20,0
167.60,24.890,20,0
167.80,24.920,20,0
168.00,24.950,20,0
168.20,24.930,20,0
168.40,24.940,20,0
168.60,24.920,20,0
168.80,24.930,20,0
169.00,24.920,20,0
169.20,24.900,20,0
169.40,24.940,20,0
169.60,24.950,20,0
169.80,24.970,20,0
170.00,24.960,20,0
170.20,24.970,20,0
170.40,24.970,20,0
170.60,24.980,20,0
170.80,24.980,20,0
171.00,24.960,20,0
171.20,24.950,20,0
171.40,24.980,255,0
171.60,24.960,255,0
171.80,24.940,255,0
172.00,24.870,255,0
172.20,24.770,255,0
172.40,24.660,255,0
172.60,24.550,255,0
172.80,24.420,255,0
173.00,24.290,255,0
173.20,24.140,255,0
173.40,24.020,255,0
173.60,23.880,255,0
173.80,23.740,255,0
174.00,23.620,255,0
174.20,23.470,255,0
174.40,23.340,255,0
174.60,23.200,255,0
174.80,23.060,255,0
175.00,22.930,255,0
175.20,22.810,255,0
175.40,22.670,255,0
175.60,22.530,255,0
175.80,22.420,255,0
176.00,22.290,255,0
176.20,22.160,255,0
176.40,22.040,255,0
176.60,21.910,255,0
176.80,21.790,255,0
177.00,21.670,255,0
177.20,21.570,255,0
177.40,21.460,255,0
177.60,21.340,255,0
177.80,21.230,255,0
178.00,21.140,255,0
178.20,21.020,255,0
178.40,20.910,255,0
178.60,20.800,255,0
178.80,20.700,255,0
179.00,20.600,255,0
179.20,20.500,255,0
179.40,20.400,255,0
179.60,20.300,255,0
179.80,20.210,255,0
180.00,20.120,255,0
180.20,20.020,255,0
180.40,19.930,255,0
180.60,19.830,255,0
180.80,19.750,255,0
181.00,19.650,255,0
181.20,19.560,255,0
181.40,19.480,255,0
181.60,19.380,255,0
181.80,19.290,255,0
182.00,19.210,255,0
182.20,19.140,255,0
182.40,19.050,0,0
182.60,18.980,0,0
182.80,18.910,0,0
183.00,18.910,0,0
183.20,18.940,0,0
183.40,18.990,0,0
183.60,19.060,0,0
183.80,19.130,0,0
184.00,19.210,0,0
184.20,19.290,0,0
184.40,19.340,0,0
184.60,19.440,0,0
184.80,19.520,0,0
185.00,19.620,0,0
185.20,19.710,0,0
185.40,19.790,0,0
185.60,19.880,0,0
185.80,19.960,0,0
186.00,20.030,0,0
186.20,20.100,0,0
186.40,20.160,0,0
186.60,20.240,0,0
186.80,20.320,0,0
187.00,20.380,0,0
187.20,20.450,0,0
187.40,20.510,0,0
187.60,20.580,0,0
187.80,20.640,0,0
188.00,20.690,0,0
188.20,20.740,0,1
188.40,20.780,0,1
188.60,20.830,0,1
188.80,20.890,0,1
189.00,20.930,0,1
189.20,20.980,0,1
189.40,21.030,0,1
189.60,21.070,0,1
189.80,21.140,0,1
190.00,21.170,0,1
190.20,21.210,0,1
190.40,21.250,0,1
190.60,21.290,0,1
190.80,21.330,0,1
191.00,21.360,0,1
191.20,21.400,0,1
191.40,21.450,0,1
191.60,21.490,0,1
191.80,21.510,0,1
192.00,21.550,0,1
192.20,21.580,0,1
192.40,21.600,0,1
192.60,21.640,0,1
192.80,21.680,0,1
193.00,21.700,0,1
193.20,21.730,0,1
193.40,21.760,0,1
193.60,21.760,0,1
193.80,21.800,0,1
194.00,21.830,0,1
194.20,21.860,0,1
194.40,21.890,0,1
194.60,21.910,0,1
194.80,21.920,0,1
195.00,21.950,0,1
195.20,21.990,0,1
195.40,22.000,0,1
195.60,22.020,0,1
195.80,22.050,0,1
196.00,22.090,0,1
196.20,22.110,0,1
196.40,22.120,0,1
196.60,22.170,0,1
196.80,22.180,0,1
197.00,22.220,0,1
197.20,22.240,0,1
197.40,22.260,0,1
197.60,22.280,0,1
197.80,22.300,0,1
198.00,22.320,0,1
198.20,22.350,0,1
198.40,22.360,0,1
198.60,22.390,0,1
198.80,22.420,0,1
199.00,22.460,20,1
199.20,22.450,20,1
199.40,22.490,20,1
199.60,22.510,20,1
199.80,22.520,20,1
200.00,22.580,20,1
200.20,22.610,20,1
200.40,22.710,20,1
200.60,22.740,20,1
200.80,22.800,20,1
201.00,22.810,20,1
201.20,22.860,20,1
201.40,22.920,20,1
201.60,22.960,20,1
201.80,22.990,20,1
202.00,23.040,20,1
202.20,23.110,20,1
202.40,23.200,20,1
202.60,23.250,20,1
202.80,23.310,20,1
203.00,23.330,20,1
203.20,23.370,20,1
203.40,23.430,20,1
203.60,23.460,20,1
203.80,23.520,20,1
204.00,23.560,20,1
204.20,23.660,20,1
204.40,23.700,20,1
204.60,23.760,20,1
204.80,23.780,20,1
205.00,23.820,20,1
205.20,23.860,20,1
205.40,23.900,20,1
205.60,23.930,20,1
205.80,23.970,20,1
206.00,24.030,20,1
206.20,24.100,20,1
206.40,24.170,20,1
206.60,24.200,20,1
206.80,24.220,20,1
207.00,24.260,20,1
207.20,24.300,20,1
207.40,24.340,20,1
207.60,24.370,20,1
207.80,24.420,20,1
208.00,24.460,20,1
208.20,24.550,20,1
208.40,24.580,20,1
208.60,24.610,60,1
208.80,24.650,60,1
209.00,24.700,60,1
209.20,24.760,60,1
209.40,24.860,60,1
209.60,24.940,60,1
209.80,25.030,60,1
210.00,25.130,60,1
210.20,25.230,60,1
210.40,25.320,60,1
210.60,25.420,60,1
210.80,25.520,60,1
211.00,25.620,60,1
211.20,25.700,60,1
211.40,25.830,60,1
211.60,25.920,60,1
211.80,26.040,60,1
212.00,26.120,60,1
212.20,26.230,60,1
212.40,26.330,60,1
212.60,26.440,60,1
212.80,26.550,60,1
213.00,26.640,60,1
213.20,26.730,60,1
213.40,26.840,60,1
213.60,26.940,60,1
213.80,27.030,60,1
214.00,27.120,60,1
214.20,27.230,60,1
214.40,27.320,60,1
214.60,27.410,60,1
214.80,27.530,60,1
215.00,27.610,60,1
215.20,27.690,60,1
215.40,27.800,60,1
215.60,27.900,60,1
215.80,27.990,60,1
216.00,28.080,0,1
216.20,28.180,0,1
216.40,28.260,0,1
216.60,28.320,0,1
216.80,28.350,0,1
217.00,28.370,0,1
217.20,28.380,0,1
217.40,28.400,0,1
217.60,28.400,0,1
217.80,28.400,0,1
218.00,28.400,0,1
218.20,28.390,0,1
218.40,28.360,0,1
218.60,28.350,0,1
218.80,28.340,0,1
219.00,28.360,0,1
219.20,28.350,0,1
219.40,28.320,0,1
219.60,28.300,0,1
219.80,28.290,0,1
220.00,28.270,0,1
220.20,28.240,0,1
220.40,28.240,0,1
220.60,28.230,0,1
220.80,28.200,0,1
221.00,28.200,0,1
221.20,28.190,0,1
221.40,28.180,0,1
221.60,28.150,0,1
221.80,28.140,0,1
222.00,28.120,0,1
222.20,28.110,0,1
222.40,28.110,0,1
222.60,28.090,0,1
222.80,28.090,0,1
223.00,28.070,0,1
223.20,28.050,0,1
223.40,28.030,0,1
223.60,28.010,120,1
223.80,28.000,120,1
224.00,28.020,120,1
224.20,28.070,120,1
224.40,28.170,120,1
224.60,28.290,120,1
224.80,28.440,120,1
225.00,28.580,120,1
225.20,28.740,120,1
225.40,28.900,120,1
225.60,29.080,120,1
225.80,29.240,120,1
226.00,29.420,120,1
226.20,29.610,120,1
226.40,29.780,120,1
226.60,29.990,120,1
226.80,30.160,120,1
227.00,30.350,120,1
227.20,30.520,120,1
227.40,30.720,120,1
227.60,30.900,120,1
227.80,31.090,120,1
228.00,31.260,120,1
228.20,31.430,120,1
228.40,31.630,120,1
228.60,31.820,120,1
228.80,31.980,120,1
229.00,32.180,120,1
229.20,32.360,120,1
229.40,32.550,120,1
229.60,32.700,120,1
229.80,32.860,120,1
230.00,33.050,120,1
230.20,33.230,120,1
230.40,33.410,120,1
230.60,33.580,120,1
230.80,33.750,120,1
231.00,33.920,120,1
231.20,34.090,120,1
231.40,34.240,120,1
231.60,34.400,120,1
231.80,34.590,120,1
232.00,34.740,120,1
232.20,34.900,120,1
232.40,34.970,120,1
232.60,35.140,120,1
232.80,35.290,120,1
233.00,35.450,120,1
233.20,35.600,120,1
233.40,35.780,120,1
233.60,35.930,120,1
233.80,36.050,120,1
234.00,36.210,120,1
234.20,36.370,120,1
234.40,36.500,120,1
234.60,36.650,120,1
234.80,36.820,120,1
235.00,36.930,120,1
235.20,37.070,120,1
235.40,37.230,120,1
235.60,37.350,120,1
235.80,37.500,120,1
236.00,37.650,120,1
236.20,37.800,120,1
236.40,37.910,120,1
236.60,38.040,120,1
236.80,38.170,120,1
237.00,38.330,120,1
237.20,38.460,120,1
237.40,38.610,120,1
237.60,38.750,120,1
237.80,38.860,120,1
238.00,39.010,120,1
238.20,39.150,120,1
238.40,39.280,120,1
238.60,39.410,120,1
238.80,39.530,120,1
239.00,39.660,120,1
239.20,39.790,120,1
239.40,39.910,120,1
239.60,40.020,120,1
239.80,40.170,120,1
240.00,40.290,120,1
240.20,40.440,120,1
240.40,40.570,120,1
240.60,40.710,120,1
240.80,40.810,120,1
241.00,40.950,120,1
241.20,41.080,120,1
241.40,41.180,120,1
241.60,41.300,120,1
241.80,41.430,120,1
242.00,41.570,120,1
242.20,41.690,120,1
242.40,41.800,120,1
242.60,41.920,120,1
242.80,42.050,120,1
243.00,42.170,120,1
243.20,42.270,120,1
243.40,42.370,120,1
243.60,42.500,120,1
243.80,42.580,120,1
244.00,42.740,120,1
244.20,42.880,120,1
244.40,42.980,120,1
244.60,43.090,120,1
244.80,43.190,120,1
245.00,43.330,120,1
245.20,43.440,0,1
245.40,43.560,0,1
245.60,43.640,0,1
245.80,43.680,0,1
246.00,43.680,0,1
246.20,43.690,0,1
246.40,43.660,0,1
246.60,43.640,0,1
246.80,43.560,0,1
247.00,43.500,0,1
247.20,43.430,0,1
247.40,43.340,0,1
247.60,43.280,0,1
247.80,43.200,0,1
248.00,43.110,0,1
248.20,43.040,0,1
248.40,43.170,0,1
248.60,43.060,0,1
248.80,42.960,0,1
249.00,42.880,0,1
249.20,42.800,0,1
249.40,42.720,0,1
249.60,42.640,0,1
249.80,42.560,0,1
250.00,42.480,0,1
250.20,42.380,0,1
250.40,42.300,0,1
250.60,42.230,0,1
250.80,42.120,0,0
251.00,42.050,0,0
251.20,41.980,0,0
251.40,41.890,0,0
251.60,41.820,0,0
251.80,41.740,0,0
252.00,41.670,0,0
252.20,41.610,0,0
252.40,41.530,0,0
252.60,41.460,0,0
252.80,41.390,0,0
253.00,41.310,0,0
253.20,41.240,0,0
253.40,41.190,0,0
253.60,41.140,0,0
253.80,41.080,0,0
254.00,41.010,0,0
254.20,40.940,0,0
254.40,40.860,0,0
254.60,40.790,0,0
254.80,36.020,0,0
255.00,35.000,0,0
255.20,34.940,0,0
255.40,35.090,0,0
255.60,35.040,0,0
255.80,34.890,0,0
256.00,35.600,0,0
256.20,35.720,0,0
256.40,35.710,0,0
256.60,35.700,0,0
256.80,35.670,0,0
257.00,35.640,0,0
257.20,35.610,0,0
257.40,35.560,0,0
257.60,35.510,0,0
257.80,35.480,0,0
258.00,35.430,0,0
258.20,35.380,0,0
258.40,35.350,0,0
258.60,35.300,0,0
258.80,35.260,0,0
259.00,35.230,0,0
259.20,35.180,0,0
259.40,35.140,0,0
259.60,35.100,0,0
259.80,35.050,0,0
260.00,35.010,0,0
260.20,34.970,0,0
260.40,34.930,0,0
260.60,34.890,0,0
260.80,34.860,0,0
261.00,34.820,0,0
261.20,34.770,0,0
261.40,34.730,0,0
261.60,34.700,0,0
261.80,34.660,0,0
262.00,34.620,0,0
262.20,34.590,0,0
262.40,34.560,0,0
262.60,34.530,0,0
262.80,34.490,0,0
263.00,34.460,0,0
263.20,34.430,0,0
263.40,34.410,0,0
263.60,34.360,0,0
263.80,34.320,0,0
264.00,34.290,0,0
264.20,34.260,0,0
264.40,34.230,0,0
264.60,34.180,0,0
264.80,34.160,0,0
265.00,34.130,0,0
265.20,34.090,0,0
265.40,34.060,0,0
265.60,34.030,0,0
265.80,34.000,0,0
266.00,33.960,0,0
266.20,33.940,0,0
266.40,33.900,0,0
266.60,33.870,0,0
266.80,33.840,0,0
267.00,33.810,0,0
267.20,33.780,0,0
267.40,33.750,0,0
267.60,33.720,0,0
267.80,33.690,0,0
268.00,33.660,0,0
268.20,33.630,0,0
268.40,33.590,0,0
268.60,33.570,0,0
268.80,33.540,0,0
269.00,33.510,0,0
269.20,33.480,0,0
269.40,33.440,0,0
269.60,33.420,0,0
269.80,33.390,0,0
270.00,33.360,0,0
270.20,33.330,0,0
270.40,33.310,0,0
270.60,33.280,0,0
270.80,33.240,0,0
271.00,33.220,0,0
271.20,33.190,0,0
271.40,33.160,0,0
271.60,33.130,0,0
271.80,33.110,0,0
272.00,33.080,0,0
272.20,33.050,0,0
272.40,33.020,0,0
272.60,33.000,0,0
272.80,32.960,0,0
273.00,32.940,0,0
273.20,32.910,0,0
273.40,32.890,0,0
273.60,32.860,0,0
273.80,32.830,0,0
274.00,32.810,0,0
274.20,32.780,0,0
274.40,32.750,0,0
274.60,32.730,0,0
274.80,32.710,0,0
275.00,32.680,0,0
275.20,32.650,0,0
275.40,32.620,0,0
275.60,32.600,0,0
275.80,32.570,0,0
276.00,32.550,0,0
276.20,32.520,0,0
276.40,32.500,0,0
276.60,32.470,0,0
276.80,32.440,0,0
277.00,32.420,0,0
277.20,32.400,0,0
277.40,32.370,0,0
277.60,32.350,0,0
277.80,32.330,0,0
278.00,32.300,0,0
278.20,32.270,0,0
278.40,32.250,0,0
278.60,32.230,0,0
278.80,32.200,0,0
279.00,32.190,0,0
279.20,32.150,0,0
279.40,32.130,0,0
279.60,32.110,0,0
279.80,32.080,0,0
280.00,32.050,0,0
280.20,32.040,0,0
280.40,32.010,0,0
280.60,31.990,0,0
280.80,31.970,0,0
281.00,31.950,0,0
281.20,31.920,0,0
281.40,31.900,0,0
281.60,31.880,0,0
281.80,31.860,0,0
282.00,31.830,0,0
282.20,31.810,0,0
282.40,31.790,0,0
282.60,31.770,0,0
282.80,31.750,0,0
283.00,31.720,0,0
283.20,31.700,0,0
283.40,31.680,0,0
283.60,31.650,0,0
283.80,31.630,0,0
284.00,31.610,0,0
284.20,31.590,0,0
284.40,31.570,0,0
284.60,31.540,0,0
284.80,31.520,0,0
285.00,31.500,0,0
285.20,31.480,0,0
285.40,31.460,0,0
285.60,31.440,0,0
285.80,31.420,0,0
286.00,31.400,0,0
286.20,31.380,0,0
286.40,31.350,0,0
286.60,31.340,0,0
286.80,31.310,0,0
287.00,31.290,0,0
287.20,31.270,0,0
287.40,31.260,0,0
287.60,31.230,0,0
287.80,31.210,0,0
288.00,31.190,0,0
288.20,31.170,0,0
